seed,iteration,evaluation_number,candidate_key,learning_rate,batch_size,dropout,optimizer,status,best_val_dice,best_val_iou,epochs_completed,candidate_time_seconds,timestamp_utc,method
42,1.0,1,528cef7a8e10,0.0005,8,0.1,adam,completed,0.3169482350349426,0.1886552721261978,1,67.42021478999999,2026-08-27T15:14:24.653720,NFC-ACO
42,1.0,2,e166db52a925,1e-05,4,0.1,rmsprop,completed,0.318069577217102,0.189449742436409,1,62.991983911000034,2026-08-27T15:15:32.802745,NFC-ACO
42,1.0,3,366ecd325f50,0.0001,4,0.1,adam,completed,0.4338102340698242,0.2791276574134826,5,63.12834218900002,2026-08-27T15:19:50.604613,NFC-ACO
42,1.0,4,1e3db20a63ac,1e-05,4,0.2,rmsprop,completed,0.4063746035099029,0.2556314170360565,5,43.25185167500001,2026-08-27T15:20:54.849106,NFC-ACO
42,2.0,5,c06345eaf7f3,1e-05,4,0.2,adam,completed,0.3712257742881775,0.2283153086900711,5,48.80621234099999,2026-08-27T15:21:39.139382,NFC-ACO
42,2.0,6,4777caa2bf2a,0.0005,4,0.0,rmsprop,completed,0.420252650976181,0.266895592212677,4,33.04053864499997,2026-08-27T15:22:29.153789,NFC-ACO
42,2.0,7,dc0cf45b1427,0.0001,8,0.1,rmsprop,completed,0.3404579758644104,0.2052646428346634,3,98.491327265,2026-08-27T15:23:03.432797,NFC-ACO
42,2.0,8,a79f9e3c3f8c,1e-05,8,0.1,adam,completed,0.3392547070980072,0.2043934613466262,3,57.464923751000015,2026-08-27T15:24:43.278748,NFC-ACO
42,3.0,9,1366f774957a,5e-05,4,0.2,adam,completed,0.3406919240951538,0.2056890279054641,4,46.24098463600001,2026-08-27T15:25:42.676881,NFC-ACO
42,3.0,10,04efb257c42b,1e-05,4,0.0,adam,completed,0.4015568792819977,0.2516252994537353,5,44.54283709700008,2026-08-27T15:26:30.553211,NFC-ACO
42,3.0,11,b922c31e5176,0.0001,4,0.0,adam,completed,0.4268426299095154,0.271883487701416,5,41.80314545300007,2026-08-27T15:27:16.942684,NFC-ACO
42,3.0,12,2740a8d7fbc5,5e-05,4,0.1,rmsprop,completed,0.5350772142410278,0.3663818538188934,5,45.20364722399995,2026-08-27T15:28:01.056871,NFC-ACO
123,1.0,1,1d74eabffce7,1e-05,8,0.1,rmsprop,completed,0.3363177478313446,0.2023709565401077,3,52.14203875900012,2026-08-27T15:28:48.379733,NFC-ACO
123,1.0,2,528cef7a8e10,0.0005,8,0.1,adam,completed,0.4003466665744781,0.2508736848831177,4,62.97367112899997,2026-08-27T15:29:42.602332,NFC-ACO
123,1.0,3,177ce32fea3c,0.0005,8,0.0,rmsprop,completed,0.4333806931972503,0.2773099541664123,5,45.7468664779999,2026-08-27T15:30:48.346793,NFC-ACO
123,1.0,4,703e9c7372ae,0.0005,4,0.1,adam,completed,0.3933111131191253,0.2456250935792923,3,43.28551642099978,2026-08-27T15:31:36.411147,NFC-ACO
123,2.0,5,b0511de8d371,0.0005,8,0.0,adam,completed,0.3354038000106811,0.2017292231321334,3,60.55554537400008,2026-08-27T15:32:22.503497,NFC-ACO
123,2.0,6,324e5494f436,0.0001,4,0.2,adam,completed,0.3525319993495941,0.2146492004394531,4,46.61319752500003,2026-08-27T15:33:25.715764,NFC-ACO
123,2.0,7,5c8e3a7c4d59,0.0005,8,0.1,rmsprop,completed,0.4727102816104889,0.3103647232055664,5,60.066441583999904,2026-08-27T15:34:15.127879,NFC-ACO
123,2.0,8,179cc17f5742,5e-05,4,0.1,adam,completed,0.3269643187522888,0.1957942843437194,4,47.29705168599981,2026-08-27T15:35:18.682029,NFC-ACO
123,3.0,9,8cf0b21d774a,0.0005,8,0.2,rmsprop,completed,0.3243981897830963,0.1938253194093704,3,53.2268537110001,2026-08-27T15:36:09.120564,NFC-ACO
123,3.0,10,4777caa2bf2a,0.0005,4,0.0,rmsprop,completed,0.3533373475074768,0.2157459259033203,4,35.34292890400002,2026-08-27T15:37:05.572302,NFC-ACO
123,3.0,11,b5968585ff53,0.0005,4,0.1,rmsprop,completed,0.4894649386405945,0.3252211213111877,5,47.753149899999926,2026-08-27T15:37:44.226173,NFC-ACO
123,3.0,12,7156d7f1c264,0.0005,4,0.0,adam,completed,0.5299991369247437,0.3615607917308807,5,44.57044971599999,2026-08-27T15:38:35.431270,NFC-ACO
2026,1.0,1,a79f9e3c3f8c,1e-05,8,0.1,adam,completed,0.3350573182106018,0.2013129889965057,3,60.43066034399999,2026-08-27T15:39:24.186541,NFC-ACO
2026,1.0,2,b5968585ff53,0.0005,4,0.1,rmsprop,completed,0.497188001871109,0.3318156599998474,5,46.70742015499991,2026-08-27T15:40:28.196656,NFC-ACO
2026,1.0,3,528cef7a8e10,0.0005,8,0.1,adam,completed,0.3251762092113495,0.1942225694656372,3,60.74328642199998,2026-08-27T15:41:18.648622,NFC-ACO
2026,1.0,4,179cc17f5742,5e-05,4,0.1,adam,completed,0.3340959548950195,0.2007714062929153,3,43.76149900699989,2026-08-27T15:42:23.909496,NFC-ACO
2026,2.0,5,5c8e3a7c4d59,0.0005,8,0.1,rmsprop,completed,0.3259228765964508,0.1948042213916778,5,63.933110485999805,2026-08-27T15:43:11.692213,NFC-ACO
2026,2.0,6,b922c31e5176,0.0001,4,0.0,adam,completed,0.4521332681179046,0.2932528853416443,5,46.02708392700015,2026-08-27T15:44:19.813392,NFC-ACO
2026,2.0,7,be2eaebb20c4,1e-05,8,0.2,adam,completed,0.3364074528217315,0.2022890746593475,3,63.84667913899966,2026-08-27T15:45:10.370705,NFC-ACO
2026,2.0,8,2153497ca9df,1e-05,4,0.1,adam,completed,0.3254016041755676,0.1945097744464874,3,46.32531602699965,2026-08-27T15:46:19.155519,NFC-ACO
2026,3.0,9,4777caa2bf2a,0.0005,4,0.0,rmsprop,completed,0.4305441379547119,0.2751626074314117,4,36.59283543600032,2026-08-27T15:47:10.662791,NFC-ACO
2026,3.0,10,e4053ce901af,0.0001,8,0.1,adam,completed,0.3318646550178528,0.1990119218826294,3,63.26968801200019,2026-08-27T15:47:52.613988,NFC-ACO
2026,3.0,11,bcb9a741105d,1e-05,8,0.0,adam,completed,0.3501739203929901,0.2123424261808395,5,55.95756370200024,2026-08-27T15:49:02.343385,NFC-ACO
2026,3.0,12,366ecd325f50,0.0001,4,0.1,adam,completed,0.4113016128540039,0.2593980431556701,5,60.00572136699998,2026-08-27T17:14:30.294930,NFC-ACO
42,,1,4777caa2bf2a,0.0005,4,0.0,rmsprop,completed,0.4164178371429443,0.2638804316520691,5,50.363887619000025,,Random Search
42,,2,f0c316f95bcf,0.0001,8,0.0,adam,completed,0.3563512563705444,0.2169830054044723,5,67.26417484900003,,Random Search
42,,3,5c8e3a7c4d59,0.0005,8,0.1,rmsprop,completed,0.4202149510383606,0.2669441699981689,5,55.96500475700009,,Random Search
42,,4,cba19fc23228,0.0001,8,0.2,adam,completed,0.3526549041271209,0.2142810821533203,5,63.06720030000008,,Random Search
42,,5,1e3db20a63ac,1e-05,4,0.2,rmsprop,completed,0.3727908730506897,0.2294834554195404,5,43.626933398000006,,Random Search
42,,6,8cf0b21d774a,0.0005,8,0.2,rmsprop,completed,0.4852569103240967,0.3206802308559418,5,56.912795399999936,,Random Search
42,,7,528cef7a8e10,0.0005,8,0.1,adam,completed,0.4295724928379059,0.2741098999977112,4,61.34191294499999,,Random Search
42,,8,b922c31e5176,0.0001,4,0.0,adam,completed,0.3332589268684387,0.2001610547304153,3,39.08500652800001,,Random Search
42,,9,a207ed13b88c,5e-05,8,0.1,adam,completed,0.3543950021266937,0.2155641615390777,5,63.98212448300001,,Random Search
42,,10,324e5494f436,0.0001,4,0.2,adam,completed,0.3342885673046112,0.2009312808513641,3,40.40432425799997,,Random Search
42,,11,4f06c8e9d2fc,5e-05,4,0.2,rmsprop,completed,0.4743290841579437,0.3114784061908722,5,44.17840159000002,,Random Search
42,,12,177ce32fea3c,0.0005,8,0.0,rmsprop,completed,0.4038208425045013,0.2536175847053528,5,44.31719761399995,,Random Search
123,,1,4f06c8e9d2fc,5e-05,4,0.2,rmsprop,completed,0.3634071350097656,0.2227553874254226,5,58.232770415000005,,Random Search
123,,2,36dc7c1dd383,0.0001,8,0.0,rmsprop,completed,0.3381121158599853,0.2036817520856857,3,55.42330947400001,,Random Search
123,,3,a207ed13b88c,5e-05,8,0.1,adam,completed,0.3418994545936584,0.206499770283699,5,66.51479362199996,,Random Search
123,,4,cd9d155ca483,5e-05,8,0.0,rmsprop,completed,0.3516315221786499,0.2136482745409011,5,44.506837367,,Random Search
123,,5,2153497ca9df,1e-05,4,0.1,adam,completed,0.3655075430870056,0.2242664843797683,5,50.54269581100005,,Random Search
123,,6,12c3815351ef,1e-05,8,0.0,rmsprop,completed,0.3541126847267151,0.2154571264982223,5,44.70406458599996,,Random Search
123,,7,b5968585ff53,0.0005,4,0.1,rmsprop,completed,0.4844680726528168,0.3210634589195251,5,44.164350892000016,,Random Search
123,,8,428a54728016,5e-05,8,0.2,rmsprop,completed,0.3304702341556549,0.1981574743986129,3,51.822522315000015,,Random Search
123,,9,703e9c7372ae,0.0005,4,0.1,adam,completed,0.3099918067455292,0.183820441365242,3,43.099613970000064,,Random Search
123,,10,5c8e3a7c4d59,0.0005,8,0.1,rmsprop,completed,0.5034986734390259,0.3374654650688171,5,59.56054736200008,,Random Search
123,,11,1b9a284c8af4,5e-05,8,0.0,adam,completed,0.41590017080307,0.2630563676357269,5,49.33094327899994,,Random Search
123,,12,04efb257c42b,1e-05,4,0.0,adam,completed,0.3696719110012054,0.2274506539106369,5,43.057855822999954,,Random Search
2026,,1,177ce32fea3c,0.0005,8,0.0,rmsprop,completed,0.4727287292480469,0.30969899892807,5,45.428535625,,Random Search
2026,,2,7156d7f1c264,0.0005,4,0.0,adam,completed,0.4230308532714844,0.2692329287528991,4,40.17888142700008,,Random Search
2026,,3,48390b5b8105,0.0001,4,0.2,rmsprop,completed,0.3359290957450866,0.2020822316408157,4,42.33470752899984,,Random Search
2026,,4,cf97ed34870b,0.0005,4,0.2,adam,completed,0.3408519029617309,0.2057312428951263,3,43.09839961700027,,Random Search
2026,,5,e166db52a925,1e-05,4,0.1,rmsprop,completed,0.3912148773670196,0.2435431480407714,5,45.91237541600003,,Random Search
2026,,6,1b9a284c8af4,5e-05,8,0.0,adam,completed,0.3830617666244507,0.2370205819606781,5,52.91396481599986,,Random Search
2026,,7,de629ee747c7,0.0001,8,0.2,rmsprop,completed,0.3467616438865661,0.209871619939804,5,60.86322116999963,,Random Search
2026,,8,bcb9a741105d,1e-05,8,0.0,adam,completed,0.360842615365982,0.2202307283878326,5,53.38104638300001,,Random Search
2026,,9,c8416300fb01,5e-05,4,0.0,adam,completed,0.3442268967628479,0.2081538885831833,5,43.390914895999686,,Random Search
2026,,10,1d74eabffce7,1e-05,8,0.1,rmsprop,completed,0.3326803147792816,0.1995991170406341,3,54.676550701,,Random Search
2026,,11,1e3db20a63ac,1e-05,4,0.2,rmsprop,completed,0.3859632611274719,0.2394684255123138,5,46.85573997699976,,Random Search
2026,,12,add2531a004d,0.0005,4,0.2,rmsprop,completed,0.4232777059078216,0.2690145671367645,4,42.163926774000174,,Random Search
